{"Urgency": {"count": 6, "text_strings": ["Limited time deal", "Delivery Mon, Feb 19", "Delivery Tue, Feb 20", "Delivery Thu, Feb 22", "Delivery Mon, Feb 19", "Delivery Tue, Feb 20"]}, "Not Dark Pattern": {"count": 0, "text_strings": []}, "Scarcity": {"count": 0, "text_strings": []}, "Misdirection": {"count": 37, "text_strings": ["$25.43", "$25", "$32.99", "$32.99", "$42.99", "$42", "$42.99", "$42", "$59.99", "$59.99", "$38.66", "$38", "Save 10% with coupon (some sizes/colors)", "$91.99", "$91", "$150.00", "$150.00", "$49.92", "$49", "$74.95", "$74.95", "$45.45", "$45", "$74.95", "$74.95", "$15.26", "$15", "$22.95", "$22.95", "$82.94", "$82", "$89.99", "$89.99", "$54.00", "$54", "$78.40", "$78.40"]}, "Social Proof": {"count": 33, "text_strings": ["10,826", "100+ bought in past month", "43 Typical:", "7,646", "200+ bought in past month", "99", "11,799", "200+ bought in past month", "99 List:", "377", "50+ bought in past month", "66", "7,327", "1K+ bought in past month", "99 List:", "28,026", "2K+ bought in past month", "92 List:", "Casio Men's G-Shock Quartz Watch with Resin Strap, Black, 20 (Model: DW5600E-1V)", "20,951", "2K+ bought in past month", "45 List:", "49,611", "7K+ bought in past month", "5,174", "1K+ bought in past month", "94 List:", "9,978", "600+ bought in past month", "20,218", "600+ bought in past month", "135", "200+ bought in past month"]}, "Obstruction": {"count": 0, "text_strings": []}, "Sneaking": {"count": 0, "text_strings": []}, "Forced Action": {"count": 0, "text_strings": []}}